{
  "main": {
    "id": "465392356cd23142",
    "type": "split",
    "children": [
      {
        "id": "e84944674345199a",
        "type": "tabs",
        "children": [
          {
            "id": "0c0dcba7899d7152",
            "type": "leaf",
            "state": {
              "type": "markdown",
              "state": {
                "file": "test 10.md",
                "mode": "source",
                "source": false
              },
              "icon": "lucide-file",
              "title": "test 10"
            }
          }
        ]
      }
    ],
    "direction": "vertical"
  },
  "left": {
    "id": "c79d4dbeb53f24bf",
    "type": "split",
    "children": [
      {
        "id": "c5ad4dc44c8cdc50",
        "type": "tabs",
        "children": [
          {
            "id": "a06c8000d1e99285",
            "type": "leaf",
            "state": {
              "type": "file-explorer",
              "state": {
                "sortOrder": "alphabetical",
                "autoReveal": false
              },
              "icon": "lucide-folder-closed",
              "title": "ファイルエクスプローラ"
            }
          }
        ]
      }
    ],
    "direction": "horizontal",
    "width": 300
  },
  "right": {
    "id": "26d1dff710976e42",
    "type": "split",
    "children": [
      {
        "id": "d982f3c8eb5a60d3",
        "type": "tabs",
        "children": [
          {
            "id": "b68a516c26f34585",
            "type": "leaf",
            "state": {
              "type": "backlink",
              "state": {
                "file": "content.base",
                "collapseAll": false,
                "extraContext": false,
                "sortOrder": "alphabetical",
                "showSearch": false,
                "searchQuery": "",
                "backlinkCollapsed": false,
                "unlinkedCollapsed": true
              },
              "icon": "links-coming-in",
              "title": "contentへのバックリンク"
            }
          },
          {
            "id": "d968f2f10915eb73",
            "type": "leaf",
            "state": {
              "type": "bookmarks",
              "state": {},
              "icon": "lucide-bookmark",
              "title": "ブックマーク"
            }
          },
          {
            "id": "c69c9b8e1a538370",
            "type": "leaf",
            "state": {
              "type": "search",
              "state": {
                "query": "tag:#cat-b",
                "matchingCase": false,
                "explainSearch": false,
                "collapseAll": false,
                "extraContext": false,
                "sortOrder": "alphabetical"
              },
              "icon": "lucide-search",
              "title": "検索"
            }
          },
          {
            "id": "08af0a5b2a82fd6c",
            "type": "leaf",
            "state": {
              "type": "outgoing-link",
              "state": {
                "file": "works/test work 2.md",
                "linksCollapsed": false,
                "unlinkedCollapsed": true
              },
              "icon": "links-going-out",
              "title": "test work 2からのアウトゴーイングリンク"
            }
          },
          {
            "id": "e38b6554d2f26b37",
            "type": "leaf",
            "state": {
              "type": "tag",
              "state": {
                "sortOrder": "frequency",
                "useHierarchy": true,
                "showSearch": false,
                "searchQuery": ""
              },
              "icon": "lucide-tags",
              "title": "タグ"
            }
          },
          {
            "id": "ff1735b79b9cec42",
            "type": "leaf",
            "state": {
              "type": "outline",
              "state": {
                "file": "works/test work 2.md",
                "followCursor": false,
                "showSearch": false,
                "searchQuery": ""
              },
              "icon": "lucide-list",
              "title": "test work 2のアウトライン"
            }
          },
          {
            "id": "b7dd2e27ce3d68bd",
            "type": "leaf",
            "state": {
              "type": "all-properties",
              "state": {
                "sortOrder": "frequency",
                "showSearch": false,
                "searchQuery": ""
              },
              "icon": "lucide-archive",
              "title": "すべてのプロパティ"
            }
          }
        ],
        "currentTab": 1
      }
    ],
    "direction": "horizontal",
    "width": 300,
    "collapsed": true
  },
  "left-ribbon": {
    "hiddenItems": {
      "switcher:クイックスイッチャーを開く": false,
      "graph:グラフビューを開く": false,
      "canvas:新規キャンバスを作成": false,
      "daily-notes:今日のデイリーノートを開く": false,
      "templates:テンプレートを挿入": false,
      "command-palette:コマンドパレットを開く": false,
      "bases:Create new base": false
    }
  },
  "active": "0c0dcba7899d7152",
  "lastOpenFiles": [
    "test 1.md",
    "_index.md",
    "content.base",
    "docs/gallery/test 11.md",
    "test 10.md",
    "test 9.md",
    "test 8.md",
    "test 7.md",
    "test 6.md",
    "test 5.md",
    "test 4.md",
    "test 3.md",
    "test 2.md",
    "test 11.md",
    "docs/gallery/_index.md",
    "docs/gallery/test 4.md",
    "docs/gallery/test 1.md",
    "docs/gallery/test 6.md",
    "content",
    "新しいフォルダー",
    "docs/gallery/test 10.md",
    "docs/gallery/test 9.md",
    "docs/gallery/test 8.md",
    "docs/gallery/test 3.md",
    "docs/gallery/test 2.md",
    "docs/gallery/test 7.md",
    "docs/gallery/test 5.md",
    "docs/gallery/test 2 - コピー (2).md",
    "docs/gallery",
    "docs/新しいフォルダー",
    "docs",
    "works"
  ]
}