{
  "main": {
    "id": "465392356cd23142",
    "type": "split",
    "children": [
      {
        "id": "e84944674345199a",
        "type": "tabs",
        "children": [
          {
            "id": "fc61aa9eb9a74657",
            "type": "leaf",
            "pinned": true,
            "state": {
              "type": "bases",
              "state": {
                "file": "admin/content.base",
                "viewName": "Table"
              },
              "pinned": true,
              "icon": "lucide-table",
              "title": "content"
            }
          },
          {
            "id": "39dc07756780f237",
            "type": "leaf",
            "state": {
              "type": "markdown",
              "state": {
                "file": "content/contact/index.md",
                "mode": "source",
                "source": false
              },
              "icon": "lucide-file",
              "title": "index"
            }
          },
          {
            "id": "7603ad44285d0f68",
            "type": "leaf",
            "state": {
              "type": "markdown",
              "state": {
                "file": "content/s.n.u/index.md",
                "mode": "source",
                "source": false
              },
              "icon": "lucide-file",
              "title": "index"
            }
          },
          {
            "id": "4a8d712baf3ae83b",
            "type": "leaf",
            "state": {
              "type": "bases",
              "state": {
                "file": "admin/content.base",
                "viewName": "Table"
              },
              "icon": "lucide-table",
              "title": "content"
            }
          }
        ]
      }
    ],
    "direction": "vertical"
  },
  "left": {
    "id": "c79d4dbeb53f24bf",
    "type": "split",
    "children": [
      {
        "id": "c5ad4dc44c8cdc50",
        "type": "tabs",
        "children": [
          {
            "id": "a06c8000d1e99285",
            "type": "leaf",
            "state": {
              "type": "file-explorer",
              "state": {
                "sortOrder": "alphabetical",
                "autoReveal": false
              },
              "icon": "lucide-folder-closed",
              "title": "Files"
            }
          }
        ]
      }
    ],
    "direction": "horizontal",
    "width": 200
  },
  "right": {
    "id": "26d1dff710976e42",
    "type": "split",
    "children": [
      {
        "id": "d982f3c8eb5a60d3",
        "type": "tabs",
        "children": [
          {
            "id": "b68a516c26f34585",
            "type": "leaf",
            "state": {
              "type": "backlink",
              "state": {
                "file": "content.base",
                "collapseAll": false,
                "extraContext": false,
                "sortOrder": "alphabetical",
                "showSearch": false,
                "searchQuery": "",
                "backlinkCollapsed": false,
                "unlinkedCollapsed": true
              },
              "icon": "links-coming-in",
              "title": "contentへのバックリンク"
            }
          },
          {
            "id": "08af0a5b2a82fd6c",
            "type": "leaf",
            "state": {
              "type": "outgoing-link",
              "state": {
                "file": "admin/content.base",
                "linksCollapsed": false,
                "unlinkedCollapsed": true
              },
              "icon": "links-going-out",
              "title": "Outgoing links from content"
            }
          },
          {
            "id": "e38b6554d2f26b37",
            "type": "leaf",
            "state": {
              "type": "tag",
              "state": {
                "sortOrder": "frequency",
                "useHierarchy": true,
                "showSearch": false,
                "searchQuery": ""
              },
              "icon": "lucide-tags",
              "title": "タグ"
            }
          },
          {
            "id": "ff1735b79b9cec42",
            "type": "leaf",
            "state": {
              "type": "outline",
              "state": {
                "file": "admin/content.base",
                "followCursor": true,
                "showSearch": false,
                "searchQuery": ""
              },
              "icon": "lucide-list",
              "title": "Outline of content"
            }
          },
          {
            "id": "b7dd2e27ce3d68bd",
            "type": "leaf",
            "state": {
              "type": "all-properties",
              "state": {
                "sortOrder": "frequency",
                "showSearch": false,
                "searchQuery": ""
              },
              "icon": "lucide-archive",
              "title": "All properties"
            }
          }
        ],
        "currentTab": 3
      }
    ],
    "direction": "horizontal",
    "width": 322.5,
    "collapsed": true
  },
  "left-ribbon": {
    "hiddenItems": {
      "switcher:Open quick switcher": false,
      "graph:Open graph view": false,
      "canvas:Create new canvas": false,
      "daily-notes:Open today's daily note": false,
      "templates:Insert template": false,
      "command-palette:Open command palette": false,
      "templater-obsidian:Templater": false,
      "bases:Create new base": false,
      "workspaces:Manage workspace layouts": false
    }
  },
  "active": "fc61aa9eb9a74657",
  "lastOpenFiles": [
    "public/tags/mixitup/page/1/index.html",
    "public/tags/mixitup/page/1",
    "public/tags/mixitup/index.xml",
    "public/tags/mixitup/page",
    "public/tags/mixitup/index.html",
    "public/tags/mixitup",
    "public/test+4/cover_index/index.html",
    "public/test+4/cover_index",
    "public/en.search.min.de2e822a556b49a147cca9a397a78e163bc4f947d2a8efb890307722df81d171.js",
    "public/en.search-data.min.2f7055cdcf3a0f7dde40004ae7344b2aa12ca34087840bda490b0f245a43916e.json",
    "public/test+3/cover_DSCN9725.JPEG",
    "public/en.search.min.abbdfece14a1db57c906ec267b49138a8a0318c37a120b5634c9e0aa787edde8.js",
    "public/test+5/cover_DSCN7619.JPEG",
    "content/test+5/cover_DSCN7619.JPEG",
    "content/test+4/cover_index.md",
    "content/test+3/cover_DSCN9725.JPEG",
    "public/test+2/cover_DSCN6753.JPEG",
    "content/test+2/cover_DSCN6753.JPEG",
    "public/test+2/DSCN6753.JPEG",
    "content/test+2/DSCN6753.JPEG",
    "public/test+5/DSCN7619.JPEG",
    "content/test+5/DSCN7619.JPEG",
    "content/test+5/index.md",
    "content/test+4/index.md",
    "content/test+3/index.md",
    "content/test+2/index.md",
    "content/test+1 - コピー - コピー - コピー - コピー/index.md",
    "content/test+1 - コピー - コピー - コピー/index.md",
    "content/test+1 - コピー - コピー/index.md",
    "content/test+1 - コピー/index.md",
    "content/s.n.u/index.md",
    "content/contact/index.md",
    "content/people/index.md",
    "content/test+1/index.md",
    "admin/color.md",
    "admin/Untitled.md",
    "admin/README_Hugo Book.md",
    "admin/README_mixitup3.md",
    "admin/README_Hugo Book-ja.md",
    "mysite/archetypes/default.md",
    "admin/アップロード手順.md",
    "content-drafts/_index.md",
    "admin/template.md",
    "content/_index.md",
    "themes/hugo-book/exampleSite/content.zh/_index.md",
    "admin/_index.md"
  ]
}