<?xml version="1.0" encoding="utf-8" standalone="yes"?>
<rss version="2.0" xmlns:atom="http://www.w3.org/2005/Atom">
  <channel>
    <title>Hello on s.n.u</title>
    <link>http://localhost:1313/tags/hello/</link>
    <description>Recent content in Hello on s.n.u</description>
    <generator>Hugo</generator>
    <language>ja</language>
    <lastBuildDate>Fri, 10 Oct 2025 00:00:00 +0000</lastBuildDate>
    <atom:link href="http://localhost:1313/tags/hello/index.xml" rel="self" type="application/rss+xml" />
    <item>
      <title>test&#43;1</title>
      <link>http://localhost:1313/test&#43;1/</link>
      <pubDate>Fri, 10 Oct 2025 00:00:00 +0000</pubDate>
      <guid>http://localhost:1313/test&#43;1/</guid>
      <description>&lt;p&gt;a&lt;br&gt;&#xA;a&lt;br&gt;&#xA;asdfghjkl zxcvbn dfgh dfgh ertyu dfgh rty u.&lt;/p&gt;&#xA;&lt;p&gt;aaaa&lt;/p&gt;&#xA;&lt;p&gt;&lt;img src=&#34;image1.png&#34; alt=&#34;photo&#34; /&gt;&lt;/p&gt;&#xA;&lt;p&gt;asdfghjkl zxcvbn dfgh dfgh ertyu dfgh rty u.&lt;br&gt;&#xA;asdfghjkl zxcvbn dfgh dfgh ertyu dfgh rty u.&lt;br&gt;&#xA;asdfghjkl zxcvbn dfgh dfgh ertyu dfgh rty u.&lt;br&gt;&#xA;asdfghjkl zxcvbn dfgh dfgh ertyu dfgh rty u. asdfghjkl zxcvbn dfgh dfgh ertyu dfgh rty u.asdfghjkl zxcvbn dfgh dfgh ertyu dfgh rty u.asdfghjkl zxcvbn dfgh dfgh ertyu dfgh rty u.asdfghjkl zxcvbn dfgh dfgh ertyu dfgh rty u.asdfghjkl zxcvbn dfgh dfgh ertyu dfgh rty u.asdfghjkl zxcvbn dfgh dfgh ertyu dfgh rty u.asdfghjkl zxcvbn dfgh dfgh ertyu dfgh rty u.asdfghjkl zxcvbn dfgh dfgh ertyu dfgh rty u.asdfghjkl zxcvbn dfgh dfgh ertyu dfgh rty u.asdfghjkl zxcvbn dfgh dfgh ertyu dfgh rty u.asdfghjkl zxcvbn dfgh dfgh ertyu dfgh rty u.asdfghjkl zxcvbn dfgh dfgh ertyu dfgh rty u.&lt;br&gt;&#xA;asdfghjkl zxcvbn dfgh dfgh ertyu dfgh rty u.asdfghjkl zxcvbn dfgh dfgh ertyu dfgh rty u.asdfghjkl zxcvbn dfgh dfgh ertyu dfgh rty u.&lt;/p&gt;</description>
    </item>
  </channel>
</rss>
