<?xml version="1.0" encoding="utf-8" standalone="yes"?>
<rss version="2.0" xmlns:atom="http://www.w3.org/2005/Atom">
  <channel>
    <title>s.n.u</title>
    <link>http://localhost:1313/</link>
    <description>Recent content on s.n.u</description>
    <generator>Hugo</generator>
    <language>ja</language>
    <lastBuildDate>Tue, 07 Oct 2025 00:00:00 +0000</lastBuildDate>
    <atom:link href="http://localhost:1313/index.xml" rel="self" type="application/rss+xml" />
    <item>
      <title>test 11</title>
      <link>http://localhost:1313/test-11/</link>
      <pubDate>Tue, 07 Oct 2025 00:00:00 +0000</pubDate>
      <guid>http://localhost:1313/test-11/</guid>
      <description></description>
    </item>
    <item>
      <title>test 6</title>
      <link>http://localhost:1313/test-6/</link>
      <pubDate>Mon, 08 Sep 2025 00:00:00 +0000</pubDate>
      <guid>http://localhost:1313/test-6/</guid>
      <description>&lt;p&gt;test test test test test test test test test aho&lt;br&gt;&#xA;test test test test test test test test test test test test test test test test test test test test test test test test test test test tttt&lt;br&gt;&#xA;test test test test test test test test test test test test test test test test test test&lt;br&gt;&#xA;test test test test test test test test test&lt;br&gt;&#xA;test test test test test test test test test test test test test test test test test test test test test test test test test test test&lt;br&gt;&#xA;test test test test test test test test test test test test test test test test test test&lt;/p&gt;</description>
    </item>
    <item>
      <title>test 4</title>
      <link>http://localhost:1313/test-4/</link>
      <pubDate>Sat, 06 Sep 2025 00:00:00 +0000</pubDate>
      <guid>http://localhost:1313/test-4/</guid>
      <description>&lt;p&gt;test test test test test test test test test aho&lt;br&gt;&#xA;test test test test test test test test test test test test test test test test test test test test test test test test test test test tttt&lt;br&gt;&#xA;test test test test test test test test test test test test test test test test test test&lt;br&gt;&#xA;test test test test test test test test test&lt;br&gt;&#xA;test test test test test test test test test test test test test test test test test test test test test test test test test test test&lt;br&gt;&#xA;test test test test test test test test test test test test test test test test test test&lt;/p&gt;</description>
    </item>
    <item>
      <title>test 2</title>
      <link>http://localhost:1313/test-2/</link>
      <pubDate>Wed, 03 Sep 2025 00:00:00 +0000</pubDate>
      <guid>http://localhost:1313/test-2/</guid>
      <description>&lt;p&gt;test test test test test test test test test aho&lt;br&gt;&#xA;test test test test test test test test test test test test test test test test test test test test test test test test test test test tttt&lt;br&gt;&#xA;test test test test test test test test test test test test test test test test test test&lt;br&gt;&#xA;test test test test test test test test test&lt;br&gt;&#xA;test test test test test test test test test test test test test test test test test test test test test test test test test test test&lt;br&gt;&#xA;test test test test test test test test test test test test test test test test test test&lt;/p&gt;</description>
    </item>
    <item>
      <title>test 1</title>
      <link>http://localhost:1313/test-1/</link>
      <pubDate>Mon, 01 Sep 2025 00:00:00 +0000</pubDate>
      <guid>http://localhost:1313/test-1/</guid>
      <description>&lt;p&gt;hogehoge&lt;br&gt;&#xA;test test test test test test&lt;br&gt;&#xA;test test test test test test test test test&lt;br&gt;&#xA;test test test&lt;br&gt;&#xA;test test test test test test&lt;/p&gt;&#xA;&lt;p&gt;test test test test test test test test test&lt;br&gt;&#xA;test test test test test test test test test test test test test test test test test test&lt;/p&gt;</description>
    </item>
    <item>
      <title>test 5</title>
      <link>http://localhost:1313/test-5/</link>
      <pubDate>Mon, 01 Sep 2025 00:00:00 +0000</pubDate>
      <guid>http://localhost:1313/test-5/</guid>
      <description>&lt;p&gt;test test test test test test test test test&lt;br&gt;&#xA;test test test test test test&lt;br&gt;&#xA;test test test test test test test test test&lt;br&gt;&#xA;test test test&lt;br&gt;&#xA;test test test test test test&lt;/p&gt;&#xA;&lt;p&gt;test test test test test test test test test&lt;br&gt;&#xA;test test test test test test test test test test test test test test test test test test&lt;/p&gt;</description>
    </item>
    <item>
      <title>test 3</title>
      <link>http://localhost:1313/test-3/</link>
      <pubDate>Sun, 31 Aug 2025 00:00:00 +0000</pubDate>
      <guid>http://localhost:1313/test-3/</guid>
      <description>&lt;p&gt;test test test test test test test test test&lt;br&gt;&#xA;test test test test test test&lt;br&gt;&#xA;test test test test test test test test test&lt;br&gt;&#xA;test test test&lt;br&gt;&#xA;test test test test test test&lt;/p&gt;&#xA;&lt;p&gt;test test test test test test test test test&lt;br&gt;&#xA;test test test test test test test test test test test test test test test test test test&lt;/p&gt;</description>
    </item>
    <item>
      <title>Kento Nagao</title>
      <link>http://localhost:1313/test-8/</link>
      <pubDate>Mon, 01 Jan 2024 00:00:00 +0000</pubDate>
      <guid>http://localhost:1313/test-8/</guid>
      <description></description>
    </item>
    <item>
      <title>Miho Shimooka</title>
      <link>http://localhost:1313/test-9/</link>
      <pubDate>Mon, 01 Jan 2024 00:00:00 +0000</pubDate>
      <guid>http://localhost:1313/test-9/</guid>
      <description></description>
    </item>
    <item>
      <title>s.n.u</title>
      <link>http://localhost:1313/test-10/</link>
      <pubDate>Mon, 01 Jan 2024 00:00:00 +0000</pubDate>
      <guid>http://localhost:1313/test-10/</guid>
      <description></description>
    </item>
  </channel>
</rss>
