<?xml version="1.0" encoding="utf-8" standalone="yes"?>
<rss version="2.0" xmlns:atom="http://www.w3.org/2005/Atom">
  <channel>
    <title>Architecture on s.n.u</title>
    <link>http://localhost:1313/tags/architecture/</link>
    <description>Recent content in Architecture on s.n.u</description>
    <generator>Hugo</generator>
    <language>ja</language>
    <lastBuildDate>Sat, 06 Sep 2025 00:00:00 +0000</lastBuildDate>
    <atom:link href="http://localhost:1313/tags/architecture/index.xml" rel="self" type="application/rss+xml" />
    <item>
      <title>test 4</title>
      <link>http://localhost:1313/test-4/</link>
      <pubDate>Sat, 06 Sep 2025 00:00:00 +0000</pubDate>
      <guid>http://localhost:1313/test-4/</guid>
      <description>&lt;p&gt;test test test test test test test test test aho&lt;br&gt;&#xA;test test test test test test test test test test test test test test test test test test test test test test test test test test test tttt&lt;br&gt;&#xA;test test test test test test test test test test test test test test test test test test&lt;br&gt;&#xA;test test test test test test test test test&lt;br&gt;&#xA;test test test test test test test test test test test test test test test test test test test test test test test test test test test&lt;br&gt;&#xA;test test test test test test test test test test test test test test test test test test&lt;/p&gt;</description>
    </item>
    <item>
      <title>test 1</title>
      <link>http://localhost:1313/test-1/</link>
      <pubDate>Mon, 01 Sep 2025 00:00:00 +0000</pubDate>
      <guid>http://localhost:1313/test-1/</guid>
      <description>&lt;p&gt;hogehoge&lt;br&gt;&#xA;test test test test test test&lt;br&gt;&#xA;test test test test test test test test test&lt;br&gt;&#xA;test test test&lt;br&gt;&#xA;test test test test test test&lt;/p&gt;&#xA;&lt;p&gt;test test test test test test test test test&lt;br&gt;&#xA;test test test test test test test test test test test test test test test test test test&lt;/p&gt;</description>
    </item>
    <item>
      <title>test 5</title>
      <link>http://localhost:1313/test-5/</link>
      <pubDate>Mon, 01 Sep 2025 00:00:00 +0000</pubDate>
      <guid>http://localhost:1313/test-5/</guid>
      <description>&lt;p&gt;test test test test test test test test test&lt;br&gt;&#xA;test test test test test test&lt;br&gt;&#xA;test test test test test test test test test&lt;br&gt;&#xA;test test test&lt;br&gt;&#xA;test test test test test test&lt;/p&gt;&#xA;&lt;p&gt;test test test test test test test test test&lt;br&gt;&#xA;test test test test test test test test test test test test test test test test test test&lt;/p&gt;</description>
    </item>
  </channel>
</rss>
