<?xml version="1.0" encoding="utf-8" standalone="yes"?>
<rss version="2.0" xmlns:atom="http://www.w3.org/2005/Atom">
  <channel>
    <title>Tags on s.n.u</title>
    <link>http://localhost:1313/tags/</link>
    <description>Recent content in Tags on s.n.u</description>
    <generator>Hugo</generator>
    <language>ja</language>
    <lastBuildDate>Fri, 10 Oct 2025 00:00:00 +0000</lastBuildDate>
    <atom:link href="http://localhost:1313/tags/index.xml" rel="self" type="application/rss+xml" />
    <item>
      <title>Hello</title>
      <link>http://localhost:1313/tags/hello/</link>
      <pubDate>Fri, 10 Oct 2025 00:00:00 +0000</pubDate>
      <guid>http://localhost:1313/tags/hello/</guid>
      <description></description>
    </item>
  </channel>
</rss>
