<?xml version="1.0" encoding="utf-8" standalone="yes"?>
<rss version="2.0" xmlns:atom="http://www.w3.org/2005/Atom">
  <channel>
    <title>Featured on s.n.u</title>
    <link>http://localhost:1313/tags/featured/</link>
    <description>Recent content in Featured on s.n.u</description>
    <generator>Hugo</generator>
    <language>ja</language>
    <lastBuildDate>Wed, 03 Sep 2025 00:00:00 +0000</lastBuildDate>
    <atom:link href="http://localhost:1313/tags/featured/index.xml" rel="self" type="application/rss+xml" />
    <item>
      <title>test 2</title>
      <link>http://localhost:1313/test-2/</link>
      <pubDate>Wed, 03 Sep 2025 00:00:00 +0000</pubDate>
      <guid>http://localhost:1313/test-2/</guid>
      <description>&lt;p&gt;test test test test test test test test test aho&lt;br&gt;&#xA;test test test test test test test test test test test test test test test test test test test test test test test test test test test tttt&lt;br&gt;&#xA;test test test test test test test test test test test test test test test test test test&lt;br&gt;&#xA;test test test test test test test test test&lt;br&gt;&#xA;test test test test test test test test test test test test test test test test test test test test test test test test test test test&lt;br&gt;&#xA;test test test test test test test test test test test test test test test test test test&lt;/p&gt;</description>
    </item>
  </channel>
</rss>
