{
  "main": {
    "id": "465392356cd23142",
    "type": "split",
    "children": [
      {
        "id": "e84944674345199a",
        "type": "tabs",
        "children": [
          {
            "id": "0c0dcba7899d7152",
            "type": "leaf",
            "pinned": true,
            "state": {
              "type": "bases",
              "state": {
                "file": "admin/content.base",
                "viewName": "Table"
              },
              "pinned": true,
              "icon": "lucide-table",
              "title": "content"
            }
          },
          {
            "id": "478a61c36c9e6dd5",
            "type": "leaf",
            "state": {
              "type": "markdown",
              "state": {
                "file": "drafts/test+3/index.md",
                "mode": "source",
                "source": true
              },
              "icon": "lucide-file",
              "title": "index"
            }
          }
        ]
      }
    ],
    "direction": "vertical"
  },
  "left": {
    "id": "c79d4dbeb53f24bf",
    "type": "split",
    "children": [
      {
        "id": "c5ad4dc44c8cdc50",
        "type": "tabs",
        "children": [
          {
            "id": "a06c8000d1e99285",
            "type": "leaf",
            "state": {
              "type": "file-explorer",
              "state": {
                "sortOrder": "alphabetical",
                "autoReveal": false
              },
              "icon": "lucide-folder-closed",
              "title": "ファイルエクスプローラ"
            }
          }
        ]
      }
    ],
    "direction": "horizontal",
    "width": 300
  },
  "right": {
    "id": "26d1dff710976e42",
    "type": "split",
    "children": [
      {
        "id": "d982f3c8eb5a60d3",
        "type": "tabs",
        "children": [
          {
            "id": "b68a516c26f34585",
            "type": "leaf",
            "state": {
              "type": "backlink",
              "state": {
                "file": "content.base",
                "collapseAll": false,
                "extraContext": false,
                "sortOrder": "alphabetical",
                "showSearch": false,
                "searchQuery": "",
                "backlinkCollapsed": false,
                "unlinkedCollapsed": true
              },
              "icon": "links-coming-in",
              "title": "contentへのバックリンク"
            }
          },
          {
            "id": "d968f2f10915eb73",
            "type": "leaf",
            "state": {
              "type": "bookmarks",
              "state": {},
              "icon": "lucide-bookmark",
              "title": "ブックマーク"
            }
          },
          {
            "id": "c69c9b8e1a538370",
            "type": "leaf",
            "state": {
              "type": "search",
              "state": {
                "query": "tag:#cat-b",
                "matchingCase": false,
                "explainSearch": false,
                "collapseAll": false,
                "extraContext": false,
                "sortOrder": "alphabetical"
              },
              "icon": "lucide-search",
              "title": "検索"
            }
          },
          {
            "id": "08af0a5b2a82fd6c",
            "type": "leaf",
            "state": {
              "type": "outgoing-link",
              "state": {
                "file": "works/test work 2.md",
                "linksCollapsed": false,
                "unlinkedCollapsed": true
              },
              "icon": "links-going-out",
              "title": "test work 2からのアウトゴーイングリンク"
            }
          },
          {
            "id": "e38b6554d2f26b37",
            "type": "leaf",
            "state": {
              "type": "tag",
              "state": {
                "sortOrder": "frequency",
                "useHierarchy": true,
                "showSearch": false,
                "searchQuery": ""
              },
              "icon": "lucide-tags",
              "title": "タグ"
            }
          },
          {
            "id": "ff1735b79b9cec42",
            "type": "leaf",
            "state": {
              "type": "outline",
              "state": {
                "file": "works/test work 2.md",
                "followCursor": false,
                "showSearch": false,
                "searchQuery": ""
              },
              "icon": "lucide-list",
              "title": "test work 2のアウトライン"
            }
          },
          {
            "id": "b7dd2e27ce3d68bd",
            "type": "leaf",
            "state": {
              "type": "all-properties",
              "state": {
                "sortOrder": "frequency",
                "showSearch": false,
                "searchQuery": ""
              },
              "icon": "lucide-archive",
              "title": "すべてのプロパティ"
            }
          }
        ],
        "currentTab": 4
      }
    ],
    "direction": "horizontal",
    "width": 322.5
  },
  "left-ribbon": {
    "hiddenItems": {
      "switcher:クイックスイッチャーを開く": false,
      "graph:グラフビューを開く": false,
      "canvas:新規キャンバスを作成": false,
      "daily-notes:今日のデイリーノートを開く": false,
      "templates:テンプレートを挿入": false,
      "bases:Create new base": false,
      "templater-obsidian:Templater": false,
      "command-palette:コマンドパレットを開く": false
    }
  },
  "active": "0c0dcba7899d7152",
  "lastOpenFiles": [
    "drafts/test+3/index.md",
    "admin/template.md",
    "admin/content.base",
    "admin/_index.md",
    "_index.md",
    "drafts/_index.md",
    "admin/Untitled.md",
    "drafts/test3/無題のフォルダ",
    "drafts/test+3",
    "drafts/test 1.md",
    "admin",
    "drafts/test 8.md",
    "drafts",
    "drafts/test+1/index.md",
    "drafts/test+2/index.md",
    "drafts/test+1/image1.png",
    "drafts/test 2.md",
    "drafts/test+2",
    "test+1/スクリーンショット.md",
    "test+1/[スクリーンショット.md",
    "drafts/test+1",
    "drafts/test 10.md",
    "docs/gallery/test 11.md",
    "drafts/test 9.md",
    "drafts/test 7.md",
    "drafts/test 6.md",
    "drafts/test 5.md",
    "drafts/test 4.md",
    "drafts/test 3.md",
    "drafts/test 11.md",
    "docs/gallery/_index.md",
    "docs/gallery/test 4.md",
    "docs/gallery/test 1.md",
    "content",
    "新しいフォルダー",
    "docs/gallery"
  ]
}