<?xml version="1.0" encoding="utf-8" standalone="yes"?>
<rss version="2.0" xmlns:atom="http://www.w3.org/2005/Atom">
  <channel>
    <title>About_us on s.n.u</title>
    <link>http://localhost:1313/tags/about_us/</link>
    <description>Recent content in About_us on s.n.u</description>
    <generator>Hugo</generator>
    <language>ja</language>
    <lastBuildDate>Mon, 01 Jan 2024 00:00:00 +0000</lastBuildDate>
    <atom:link href="http://localhost:1313/tags/about_us/index.xml" rel="self" type="application/rss+xml" />
    <item>
      <title>Kento Nagao</title>
      <link>http://localhost:1313/test-8/</link>
      <pubDate>Mon, 01 Jan 2024 00:00:00 +0000</pubDate>
      <guid>http://localhost:1313/test-8/</guid>
      <description></description>
    </item>
    <item>
      <title>Miho Shimooka</title>
      <link>http://localhost:1313/test-9/</link>
      <pubDate>Mon, 01 Jan 2024 00:00:00 +0000</pubDate>
      <guid>http://localhost:1313/test-9/</guid>
      <description></description>
    </item>
    <item>
      <title>s.n.u</title>
      <link>http://localhost:1313/test-10/</link>
      <pubDate>Mon, 01 Jan 2024 00:00:00 +0000</pubDate>
      <guid>http://localhost:1313/test-10/</guid>
      <description></description>
    </item>
  </channel>
</rss>
