<?xml version="1.0" encoding="utf-8" standalone="yes"?>
<rss version="2.0" xmlns:atom="http://www.w3.org/2005/Atom">
  <channel>
    <title>Tags on s.n.u</title>
    <link>http://localhost:1313/tags/</link>
    <description>Recent content in Tags on s.n.u</description>
    <generator>Hugo</generator>
    <language>ja</language>
    <lastBuildDate>Wed, 28 Jan 2026 00:00:00 +0000</lastBuildDate>
    <atom:link href="http://localhost:1313/tags/index.xml" rel="self" type="application/rss+xml" />
    <item>
      <title>Hello</title>
      <link>http://localhost:1313/tags/hello/</link>
      <pubDate>Wed, 28 Jan 2026 00:00:00 +0000</pubDate>
      <guid>http://localhost:1313/tags/hello/</guid>
      <description></description>
    </item>
    <item>
      <title>Architecture</title>
      <link>http://localhost:1313/tags/architecture/</link>
      <pubDate>Sun, 25 Jan 2026 00:00:00 +0000</pubDate>
      <guid>http://localhost:1313/tags/architecture/</guid>
      <description></description>
    </item>
    <item>
      <title>Contact</title>
      <link>http://localhost:1313/tags/contact/</link>
      <pubDate>Fri, 09 Jan 2026 00:00:00 +0000</pubDate>
      <guid>http://localhost:1313/tags/contact/</guid>
      <description></description>
    </item>
    <item>
      <title>Information</title>
      <link>http://localhost:1313/tags/information/</link>
      <pubDate>Fri, 09 Jan 2026 00:00:00 +0000</pubDate>
      <guid>http://localhost:1313/tags/information/</guid>
      <description></description>
    </item>
    <item>
      <title>Mixitup</title>
      <link>http://localhost:1313/tags/mixitup/</link>
      <pubDate>Fri, 09 Jan 2026 00:00:00 +0000</pubDate>
      <guid>http://localhost:1313/tags/mixitup/</guid>
      <description></description>
    </item>
  </channel>
</rss>
