<?xml version="1.0" encoding="utf-8" standalone="yes"?>
<rss version="2.0" xmlns:atom="http://www.w3.org/2005/Atom">
  <channel>
    <title>Tags on s.n.u</title>
    <link>http://localhost:1313/tags/</link>
    <description>Recent content in Tags on s.n.u</description>
    <generator>Hugo</generator>
    <language>ja</language>
    <lastBuildDate>Tue, 07 Oct 2025 00:00:00 +0000</lastBuildDate>
    <atom:link href="http://localhost:1313/tags/index.xml" rel="self" type="application/rss+xml" />
    <item>
      <title>Product</title>
      <link>http://localhost:1313/tags/product/</link>
      <pubDate>Tue, 07 Oct 2025 00:00:00 +0000</pubDate>
      <guid>http://localhost:1313/tags/product/</guid>
      <description></description>
    </item>
    <item>
      <title>Research</title>
      <link>http://localhost:1313/tags/research/</link>
      <pubDate>Mon, 08 Sep 2025 00:00:00 +0000</pubDate>
      <guid>http://localhost:1313/tags/research/</guid>
      <description></description>
    </item>
    <item>
      <title>Text</title>
      <link>http://localhost:1313/tags/text/</link>
      <pubDate>Mon, 08 Sep 2025 00:00:00 +0000</pubDate>
      <guid>http://localhost:1313/tags/text/</guid>
      <description></description>
    </item>
    <item>
      <title>Architecture</title>
      <link>http://localhost:1313/tags/architecture/</link>
      <pubDate>Sat, 06 Sep 2025 00:00:00 +0000</pubDate>
      <guid>http://localhost:1313/tags/architecture/</guid>
      <description></description>
    </item>
    <item>
      <title>Featured</title>
      <link>http://localhost:1313/tags/featured/</link>
      <pubDate>Wed, 03 Sep 2025 00:00:00 +0000</pubDate>
      <guid>http://localhost:1313/tags/featured/</guid>
      <description></description>
    </item>
    <item>
      <title>About_us</title>
      <link>http://localhost:1313/tags/about_us/</link>
      <pubDate>Mon, 01 Jan 2024 00:00:00 +0000</pubDate>
      <guid>http://localhost:1313/tags/about_us/</guid>
      <description></description>
    </item>
  </channel>
</rss>
