<?xml version="1.0" encoding="utf-8" standalone="yes"?>
<rss version="2.0" xmlns:atom="http://www.w3.org/2005/Atom">
  <channel>
    <title>Product on s.n.u</title>
    <link>http://localhost:1313/tags/product/</link>
    <description>Recent content in Product on s.n.u</description>
    <generator>Hugo</generator>
    <language>ja</language>
    <lastBuildDate>Tue, 07 Oct 2025 00:00:00 +0000</lastBuildDate>
    <atom:link href="http://localhost:1313/tags/product/index.xml" rel="self" type="application/rss+xml" />
    <item>
      <title>test 11</title>
      <link>http://localhost:1313/test-11/</link>
      <pubDate>Tue, 07 Oct 2025 00:00:00 +0000</pubDate>
      <guid>http://localhost:1313/test-11/</guid>
      <description></description>
    </item>
  </channel>
</rss>
