<?xml version="1.0" encoding="utf-8" standalone="yes"?>
<rss version="2.0" xmlns:atom="http://www.w3.org/2005/Atom">
  <channel>
    <title>Contact on s.n.u</title>
    <link>http://localhost:1313/tags/contact/</link>
    <description>Recent content in Contact on s.n.u</description>
    <generator>Hugo</generator>
    <language>ja</language>
    <lastBuildDate>Fri, 09 Jan 2026 00:00:00 +0000</lastBuildDate>
    <atom:link href="http://localhost:1313/tags/contact/index.xml" rel="self" type="application/rss+xml" />
    <item>
      <title>test&#43;4</title>
      <link>http://localhost:1313/test&#43;4/cover_index/</link>
      <pubDate>Fri, 09 Jan 2026 00:00:00 +0000</pubDate>
      <guid>http://localhost:1313/test&#43;4/cover_index/</guid>
      <description>&lt;p&gt;test&lt;/p&gt;&#xA;&lt;p&gt;&lt;img src=&#34;cover_test1.jpeg&#34; alt=&#34;&#34; /&gt;&lt;/p&gt;&#xA;&lt;p&gt;&lt;img src=&#34;testtest.jpeg&#34; alt=&#34;img&#34; /&gt;)&lt;/p&gt;</description>
    </item>
    <item>
      <title>contact</title>
      <link>http://localhost:1313/contact/</link>
      <pubDate>Mon, 01 Jan 2024 00:00:00 +0000</pubDate>
      <guid>http://localhost:1313/contact/</guid>
      <description>&lt;form action=&#34;https://ssgform.com/s/8GZjIVpyN5AV&#34; method=&#34;post&#34;&gt;&#xA;  &lt;p&gt;&#xA;    &lt;label for=&#34;name&#34;&gt;Name&lt;/label&gt;&lt;br&gt;&#xA;    &lt;input&#xA;      type=&#34;text&#34;&#xA;      id=&#34;name&#34;&#xA;      name=&#34;name&#34;&#xA;      placeholder=&#34;Name&#34;&#xA;      required&#xA;      style=&#34;width:100%; box-sizing:border-box;&#34;&gt;&#xA;  &lt;/p&gt;&#xA;  &lt;p&gt;&#xA;    &lt;label for=&#34;email&#34;&gt;Email&lt;/label&gt;&lt;br&gt;&#xA;    &lt;input&#xA;      type=&#34;email&#34;&#xA;      id=&#34;email&#34;&#xA;      name=&#34;email&#34;&#xA;      placeholder=&#34;example@gmail.com&#34;&#xA;      required&#xA;      style=&#34;width:100%; box-sizing:border-box;&#34;&gt;&#xA;  &lt;/p&gt;&#xA;  &lt;p&gt;&#xA;    &lt;label for=&#34;message&#34;&gt;Message&lt;/label&gt;&lt;br&gt;&#xA;    &lt;textarea&#xA;      id=&#34;message&#34;&#xA;      name=&#34;message&#34;&#xA;      rows=&#34;10&#34;&#xA;      required&#xA;      style=&#34;width:100%; box-sizing:border-box;&#34;&gt;&lt;/textarea&gt;&#xA;  &lt;/p&gt;&#xA;  &lt;p&gt;&#xA;    &lt;button type=&#34;submit&#34;&gt;Submit&lt;/button&gt;&#xA;  &lt;/p&gt;&#xA;&lt;/form&gt;</description>
    </item>
  </channel>
</rss>
